{
  "hash": "ac419708989392979b2c60837b20782b",
  "result": {
    "engine": "knitr",
    "markdown": "---\ntitle: APS_demo\nauthors:\n  - name: Norah Jones\n    affiliation: The University\n    roles: writing\n    corresponding: true\nbibliography: references.bib\nformat: pdf\n---\n\n\n## Section\n\nThis is a simple placeholder for the manuscript's main document [@knuth84].\n\n\n::: {.cell}\n\n```{.r .cell-code .hidden}\n1 + 1\n```\n\n::: {.cell-output .cell-output-stdout}\n\n```\n[1] 2\n```\n\n\n:::\n:::\n",
    "supporting": [],
    "filters": [
      "rmarkdown/pagebreak.lua"
    ],
    "includes": {},
    "engineDependencies": {},
    "preserve": null,
    "postProcess": false
  }
}